method,coverage,mil,s,n,R2_fs
"VIPER ($A = \{0\}, \chi^2$)",0.955,0.7129225847812751,0,200,0.15
"VIPER ($A = \{0\}$, MC)",0.94,NaN,0,200,0.15
"VIPER ($A = [-0.1, 0.1]^p, \chi^2$)",1.0,1.4630556888874238,0,200,0.15
"VIPER ($A = [-0.1, 0.1]^p$, MC)",0.995,NaN,0,200,0.15
"VIPER ($A = [0.0, 0.2]^p, \chi^2$)",0.82,1.5790426682312413,0,200,0.15
"VIPER ($A = [0.0, 0.2]^p$, MC)",0.9,NaN,0,200,0.15
TSLS,0.935,0.6225099314566133,0,200,0.15
PGMM-g,0.99,0.8867890642667708,0,200,0.15
gIVBMA,0.95,0.9608685309091818,0,200,0.15
LeakyIV ($\tau = 0.2$),1.0,49.479499570203004,0,200,0.15
"BudgetIV ($b = 1, \tau = 0$)",1.0,4.346999973318717,0,200,0.15
"BudgetIV ($b = 1, \tau = 0.2$)",1.0,7.877169703959467,0,200,0.15
CIIV,0.915,0.6023335097151022,0,200,0.15
"VIPER ($A = \{0\}, \chi^2$)",0.815,0.6858948018294002,2,200,0.15
"VIPER ($A = \{0\}$, MC)",0.75,NaN,2,200,0.15
"VIPER ($A = [-0.1, 0.1]^p, \chi^2$)",0.965,1.3163286228384758,2,200,0.15
"VIPER ($A = [-0.1, 0.1]^p$, MC)",0.96,NaN,2,200,0.15
"VIPER ($A = [0.0, 0.2]^p, \chi^2$)",0.965,1.4602574077694168,2,200,0.15
"VIPER ($A = [0.0, 0.2]^p$, MC)",0.96,NaN,2,200,0.15
TSLS,0.65,0.5900822027192949,2,200,0.15
PGMM-g,0.895,0.8604687617065482,2,200,0.15
gIVBMA,0.93,0.9728404828364783,2,200,0.15
LeakyIV ($\tau = 0.2$),1.0,49.28722484129435,2,200,0.15
"BudgetIV ($b = 1, \tau = 0$)",1.0,4.785830751366713,2,200,0.15
"BudgetIV ($b = 1, \tau = 0.2$)",1.0,8.677089004905111,2,200,0.15
CIIV,0.54,0.5631788903564157,2,200,0.15
"VIPER ($A = \{0\}, \chi^2$)",0.58,0.6601666180672061,3,200,0.15
"VIPER ($A = \{0\}$, MC)",0.55,NaN,3,200,0.15
"VIPER ($A = [-0.1, 0.1]^p, \chi^2$)",0.92,1.2666194171082819,3,200,0.15
"VIPER ($A = [-0.1, 0.1]^p$, MC)",0.96,NaN,3,200,0.15
"VIPER ($A = [0.0, 0.2]^p, \chi^2$)",0.975,1.3319527207596051,3,200,0.15
"VIPER ($A = [0.0, 0.2]^p$, MC)",0.975,NaN,3,200,0.15
TSLS,0.385,0.5617130101914505,3,200,0.15
PGMM-g,0.685,0.8314043153431716,3,200,0.15
gIVBMA,0.835,1.0013076050645862,3,200,0.15
LeakyIV ($\tau = 0.2$),1.0,49.918236444557365,3,200,0.15
"BudgetIV ($b = 1, \tau = 0$)",1.0,4.820536847642067,3,200,0.15
"BudgetIV ($b = 1, \tau = 0.2$)",1.0,8.770185960150814,3,200,0.15
CIIV,0.36,0.568822175343155,3,200,0.15
"VIPER ($A = \{0\}, \chi^2$)",0.125,0.5966047792762459,5,200,0.15
"VIPER ($A = \{0\}$, MC)",0.345,NaN,5,200,0.15
"VIPER ($A = [-0.1, 0.1]^p, \chi^2$)",0.78,1.3731687222564002,5,200,0.15
"VIPER ($A = [-0.1, 0.1]^p$, MC)",0.935,NaN,5,200,0.15
"VIPER ($A = [0.0, 0.2]^p, \chi^2$)",0.995,1.4061577980284379,5,200,0.15
"VIPER ($A = [0.0, 0.2]^p$, MC)",0.99,NaN,5,200,0.15
TSLS,0.055,0.5412232252805924,5,200,0.15
PGMM-g,0.235,0.8089042362774952,5,200,0.15
gIVBMA,0.42,0.7249919080803966,5,200,0.15
LeakyIV ($\tau = 0.2$),1.0,49.449736059657326,5,200,0.15
"BudgetIV ($b = 1, \tau = 0$)",1.0,4.628011997217014,5,200,0.15
"BudgetIV ($b = 1, \tau = 0.2$)",1.0,8.308502050686013,5,200,0.15
CIIV,0.075,0.546716803974783,5,200,0.15
"VIPER ($A = \{0\}, \chi^2$)",0.76,1.5007440959656237,0,50,0.1
"VIPER ($A = \{0\}$, MC)",0.93,NaN,0,50,0.1
"VIPER ($A = [-0.1, 0.1]^p, \chi^2$)",0.93,1.8729880396117884,0,50,0.1
"VIPER ($A = [-0.1, 0.1]^p$, MC)",0.99,NaN,0,50,0.1
"VIPER ($A = [0.0, 0.2]^p, \chi^2$)",0.86,2.0857083925462003,0,50,0.1
"VIPER ($A = [0.0, 0.2]^p$, MC)",0.89,NaN,0,50,0.1
TSLS,0.84,1.1911629620050548,0,50,0.1
PGMM-g,0.96,1.7437924340818909,0,50,0.1
gIVBMA,0.98,1.9883756980657212,0,50,0.1
LeakyIV ($\tau = 0.2$),1.0,56.32048884910166,0,50,0.1
"BudgetIV ($b = 1, \tau = 0$)",1.0,26.4944476775074,0,50,0.1
"BudgetIV ($b = 1, \tau = 0.2$)",1.0,37.560569998869966,0,50,0.1
CIIV,0.79,1.15587357581913,0,50,0.1
"VIPER ($A = \{0\}, \chi^2$)",0.79,1.3430279190825711,1,50,0.1
"VIPER ($A = \{0\}$, MC)",0.95,NaN,1,50,0.1
"VIPER ($A = [-0.1, 0.1]^p, \chi^2$)",0.92,2.0478980563872358,1,50,0.1
"VIPER ($A = [-0.1, 0.1]^p$, MC)",0.99,NaN,1,50,0.1
"VIPER ($A = [0.0, 0.2]^p, \chi^2$)",0.95,2.2066735003303597,1,50,0.1
"VIPER ($A = [0.0, 0.2]^p$, MC)",0.96,NaN,1,50,0.1
TSLS,0.72,1.1366390432867532,1,50,0.1
PGMM-g,0.94,1.6561113724653191,1,50,0.1
gIVBMA,0.99,2.145002320392073,1,50,0.1
LeakyIV ($\tau = 0.2$),1.0,52.49379172915926,1,50,0.1
"BudgetIV ($b = 1, \tau = 0$)",1.0,23.914778308538786,1,50,0.1
"BudgetIV ($b = 1, \tau = 0.2$)",1.0,32.895670458728574,1,50,0.1
CIIV,0.8,1.1327366668186918,1,50,0.1
"VIPER ($A = \{0\}, \chi^2$)",0.8,1.4445203125895913,2,50,0.1
"VIPER ($A = \{0\}$, MC)",0.95,NaN,2,50,0.1
"VIPER ($A = [-0.1, 0.1]^p, \chi^2$)",0.95,2.126958054369873,2,50,0.1
"VIPER ($A = [-0.1, 0.1]^p$, MC)",0.99,NaN,2,50,0.1
"VIPER ($A = [0.0, 0.2]^p, \chi^2$)",0.98,2.2134332327779727,2,50,0.1
"VIPER ($A = [0.0, 0.2]^p$, MC)",0.98,NaN,2,50,0.1
TSLS,0.72,1.1444806700598644,2,50,0.1
PGMM-g,0.96,1.6544968824665247,2,50,0.1
gIVBMA,0.96,2.1639696199173395,2,50,0.1
LeakyIV ($\tau = 0.2$),1.0,54.302028769397396,2,50,0.1
"BudgetIV ($b = 1, \tau = 0$)",1.0,30.890723814761465,2,50,0.1
"BudgetIV ($b = 1, \tau = 0.2$)",1.0,44.12179574340371,2,50,0.1
CIIV,0.67,1.13974237632769,2,50,0.1
"VIPER ($A = \{0\}, \chi^2$)",0.65,1.5028968613534641,3,50,0.1
"VIPER ($A = \{0\}$, MC)",0.9,NaN,3,50,0.1
"VIPER ($A = [-0.1, 0.1]^p, \chi^2$)",0.87,1.9405088771178354,3,50,0.1
"VIPER ($A = [-0.1, 0.1]^p$, MC)",0.96,NaN,3,50,0.1
"VIPER ($A = [0.0, 0.2]^p, \chi^2$)",0.94,2.1376505311185254,3,50,0.1
"VIPER ($A = [0.0, 0.2]^p$, MC)",0.97,NaN,3,50,0.1
TSLS,0.65,1.2081880204099336,3,50,0.1
PGMM-g,0.86,1.755426668183092,3,50,0.1
gIVBMA,0.96,2.2344242014595004,3,50,0.1
LeakyIV ($\tau = 0.2$),1.0,55.09457281459406,3,50,0.1
"BudgetIV ($b = 1, \tau = 0$)",1.0,25.294587970275444,3,50,0.1
"BudgetIV ($b = 1, \tau = 0.2$)",1.0,36.19137367595185,3,50,0.1
CIIV,0.62,1.1330284176785603,3,50,0.1
"VIPER ($A = \{0\}, \chi^2$)",0.51,1.3427202450606635,4,50,0.1
"VIPER ($A = \{0\}$, MC)",0.78,NaN,4,50,0.1
"VIPER ($A = [-0.1, 0.1]^p, \chi^2$)",0.81,1.7388281737265066,4,50,0.1
"VIPER ($A = [-0.1, 0.1]^p$, MC)",0.9,NaN,4,50,0.1
"VIPER ($A = [0.0, 0.2]^p, \chi^2$)",0.92,2.1097438338694285,4,50,0.1
"VIPER ($A = [0.0, 0.2]^p$, MC)",0.93,NaN,4,50,0.1
TSLS,0.41,1.068245677574356,4,50,0.1
PGMM-g,0.73,1.5338652591016255,4,50,0.1
gIVBMA,0.97,2.4178143177357314,4,50,0.1
LeakyIV ($\tau = 0.2$),1.0,52.23645860903626,4,50,0.1
"BudgetIV ($b = 1, \tau = 0$)",1.0,21.354142609863462,4,50,0.1
"BudgetIV ($b = 1, \tau = 0.2$)",1.0,30.85519815824431,4,50,0.1
CIIV,0.48,1.1291990580805331,4,50,0.1
"VIPER ($A = \{0\}, \chi^2$)",0.54,1.3688221097382463,5,50,0.1
"VIPER ($A = \{0\}$, MC)",0.84,NaN,5,50,0.1
"VIPER ($A = [-0.1, 0.1]^p, \chi^2$)",0.83,1.7259369377899882,5,50,0.1
"VIPER ($A = [-0.1, 0.1]^p$, MC)",0.97,NaN,5,50,0.1
"VIPER ($A = [0.0, 0.2]^p, \chi^2$)",0.95,2.0768042738710335,5,50,0.1
"VIPER ($A = [0.0, 0.2]^p$, MC)",0.98,NaN,5,50,0.1
TSLS,0.45,1.1610076343298161,5,50,0.1
PGMM-g,0.76,1.6826031979569378,5,50,0.1
gIVBMA,0.98,2.507251037098908,5,50,0.1
LeakyIV ($\tau = 0.2$),1.0,52.4633375251875,5,50,0.1
"BudgetIV ($b = 1, \tau = 0$)",1.0,27.133643248599956,5,50,0.1
"BudgetIV ($b = 1, \tau = 0.2$)",1.0,38.439473209309625,5,50,0.1
CIIV,0.38,1.0653917953728869,5,50,0.1
"VIPER ($A = \{0\}, \chi^2$)",0.95,0.9703062998825182,0,50,0.25
"VIPER ($A = \{0\}$, MC)",0.96,NaN,0,50,0.25
"VIPER ($A = [-0.1, 0.1]^p, \chi^2$)",0.99,1.3597259696074349,0,50,0.25
"VIPER ($A = [-0.1, 0.1]^p$, MC)",1.0,NaN,0,50,0.25
"VIPER ($A = [0.0, 0.2]^p, \chi^2$)",0.9,1.4777178876398345,0,50,0.25
"VIPER ($A = [0.0, 0.2]^p$, MC)",0.98,NaN,0,50,0.25
TSLS,0.91,0.8083312184028133,0,50,0.25
PGMM-g,0.96,1.1586229457686956,0,50,0.25
gIVBMA,0.95,1.6262728835083973,0,50,0.25
LeakyIV ($\tau = 0.2$),1.0,37.950045274282616,0,50,0.25
"BudgetIV ($b = 1, \tau = 0$)",1.0,9.414040036582765,0,50,0.25
"BudgetIV ($b = 1, \tau = 0.2$)",1.0,13.392813302294222,0,50,0.25
CIIV,0.9,0.8000834463070149,0,50,0.25
"VIPER ($A = \{0\}, \chi^2$)",0.92,1.0080772073326945,1,50,0.25
"VIPER ($A = \{0\}$, MC)",0.94,NaN,1,50,0.25
"VIPER ($A = [-0.1, 0.1]^p, \chi^2$)",0.96,1.435731325276348,1,50,0.25
"VIPER ($A = [-0.1, 0.1]^p$, MC)",0.97,NaN,1,50,0.25
"VIPER ($A = [0.0, 0.2]^p, \chi^2$)",0.86,1.5287103726602531,1,50,0.25
"VIPER ($A = [0.0, 0.2]^p$, MC)",0.91,NaN,1,50,0.25
TSLS,0.84,0.8359666699491812,1,50,0.25
PGMM-g,0.99,1.1841100243838967,1,50,0.25
gIVBMA,0.97,1.6416362379903933,1,50,0.25
LeakyIV ($\tau = 0.2$),1.0,35.60550871589484,1,50,0.25
"BudgetIV ($b = 1, \tau = 0$)",1.0,9.454952556278279,1,50,0.25
"BudgetIV ($b = 1, \tau = 0.2$)",1.0,13.711491733903765,1,50,0.25
CIIV,0.79,0.7907026839573972,1,50,0.25
"VIPER ($A = \{0\}, \chi^2$)",0.83,1.0000267724831464,2,50,0.25
"VIPER ($A = \{0\}$, MC)",0.89,NaN,2,50,0.25
"VIPER ($A = [-0.1, 0.1]^p, \chi^2$)",0.94,1.3926390439523095,2,50,0.25
"VIPER ($A = [-0.1, 0.1]^p$, MC)",0.96,NaN,2,50,0.25
"VIPER ($A = [0.0, 0.2]^p, \chi^2$)",0.94,1.5202947888899279,2,50,0.25
"VIPER ($A = [0.0, 0.2]^p$, MC)",0.97,NaN,2,50,0.25
TSLS,0.78,0.8462322367777397,2,50,0.25
PGMM-g,0.92,1.2033782744474233,2,50,0.25
gIVBMA,0.96,1.7984990591100112,2,50,0.25
LeakyIV ($\tau = 0.2$),1.0,35.1539581563049,2,50,0.25
"BudgetIV ($b = 1, \tau = 0$)",1.0,10.989162283520184,2,50,0.25
"BudgetIV ($b = 1, \tau = 0.2$)",1.0,15.492231962331616,2,50,0.25
CIIV,0.77,0.7894240034037663,2,50,0.25
"VIPER ($A = \{0\}, \chi^2$)",0.74,0.9857437653389103,3,50,0.25
"VIPER ($A = \{0\}$, MC)",0.9,NaN,3,50,0.25
"VIPER ($A = [-0.1, 0.1]^p, \chi^2$)",0.91,1.4501927607913525,3,50,0.25
"VIPER ($A = [-0.1, 0.1]^p$, MC)",0.94,NaN,3,50,0.25
"VIPER ($A = [0.0, 0.2]^p, \chi^2$)",0.95,1.548464603685285,3,50,0.25
"VIPER ($A = [0.0, 0.2]^p$, MC)",0.96,NaN,3,50,0.25
TSLS,0.68,0.8189164220121503,3,50,0.25
PGMM-g,0.9,1.1887447516215754,3,50,0.25
gIVBMA,0.97,1.833590870374648,3,50,0.25
LeakyIV ($\tau = 0.2$),1.0,35.393825214078646,3,50,0.25
"BudgetIV ($b = 1, \tau = 0$)",1.0,10.744529077812743,3,50,0.25
"BudgetIV ($b = 1, \tau = 0.2$)",1.0,14.71135632463329,3,50,0.25
CIIV,0.6,0.7621138578901352,3,50,0.25
"VIPER ($A = \{0\}, \chi^2$)",0.68,0.8908227989040685,4,50,0.25
"VIPER ($A = \{0\}$, MC)",0.77,NaN,4,50,0.25
"VIPER ($A = [-0.1, 0.1]^p, \chi^2$)",0.81,1.359910380514531,4,50,0.25
"VIPER ($A = [-0.1, 0.1]^p$, MC)",0.91,NaN,4,50,0.25
"VIPER ($A = [0.0, 0.2]^p, \chi^2$)",0.97,1.4177546143415674,4,50,0.25
"VIPER ($A = [0.0, 0.2]^p$, MC)",0.97,NaN,4,50,0.25
TSLS,0.56,0.7532428192303195,4,50,0.25
PGMM-g,0.8,1.0814069105787936,4,50,0.25
gIVBMA,0.89,1.7633097354012697,4,50,0.25
LeakyIV ($\tau = 0.2$),1.0,34.21667110172227,4,50,0.25
"BudgetIV ($b = 1, \tau = 0$)",1.0,10.983336087690432,4,50,0.25
"BudgetIV ($b = 1, \tau = 0.2$)",1.0,15.061665997266529,4,50,0.25
CIIV,0.47,0.7159564204335722,4,50,0.25
"VIPER ($A = \{0\}, \chi^2$)",0.62,0.8865316173031184,5,50,0.25
"VIPER ($A = \{0\}$, MC)",0.86,NaN,5,50,0.25
"VIPER ($A = [-0.1, 0.1]^p, \chi^2$)",0.84,1.2968116839151458,5,50,0.25
"VIPER ($A = [-0.1, 0.1]^p$, MC)",0.95,NaN,5,50,0.25
"VIPER ($A = [0.0, 0.2]^p, \chi^2$)",0.96,1.3551175952319552,5,50,0.25
"VIPER ($A = [0.0, 0.2]^p$, MC)",0.98,NaN,5,50,0.25
TSLS,0.46,0.7676905507620027,5,50,0.25
PGMM-g,0.76,1.1760268793711988,5,50,0.25
gIVBMA,0.93,1.9499109665501353,5,50,0.25
LeakyIV ($\tau = 0.2$),1.0,37.97500912473211,5,50,0.25
"BudgetIV ($b = 1, \tau = 0$)",1.0,10.335479880094823,5,50,0.25
"BudgetIV ($b = 1, \tau = 0.2$)",1.0,14.33014710608721,5,50,0.25
CIIV,0.46,0.7639198922303209,5,50,0.25
"VIPER ($A = \{0\}, \chi^2$)",0.94,0.5446617740476266,0,500,0.1
"VIPER ($A = \{0\}$, MC)",0.96,NaN,0,500,0.1
"VIPER ($A = [-0.1, 0.1]^p, \chi^2$)",1.0,1.646406537856907,0,500,0.1
"VIPER ($A = [-0.1, 0.1]^p$, MC)",1.0,NaN,0,500,0.1
"VIPER ($A = [0.0, 0.2]^p, \chi^2$)",0.79,1.6992682556177097,0,500,0.1
"VIPER ($A = [0.0, 0.2]^p$, MC)",0.94,NaN,0,500,0.1
TSLS,0.9,0.49852385198138727,0,500,0.1
PGMM-g,0.98,0.6890335606814406,0,500,0.1
gIVBMA,0.96,0.5932583629786639,0,500,0.1
LeakyIV ($\tau = 0.2$),1.0,64.41469604744904,0,500,0.1
"BudgetIV ($b = 1, \tau = 0$)",1.0,3.2600432523379492,0,500,0.1
"BudgetIV ($b = 1, \tau = 0.2$)",1.0,7.5302438706023285,0,500,0.1
CIIV,0.94,0.5003179281002778,0,500,0.1
"VIPER ($A = \{0\}, \chi^2$)",0.84,0.5227232009779867,1,500,0.1
"VIPER ($A = \{0\}$, MC)",0.68,NaN,1,500,0.1
"VIPER ($A = [-0.1, 0.1]^p, \chi^2$)",0.99,1.4542365457837398,1,500,0.1
"VIPER ($A = [-0.1, 0.1]^p$, MC)",0.99,NaN,1,500,0.1
"VIPER ($A = [0.0, 0.2]^p, \chi^2$)",0.91,1.5545972562894592,1,500,0.1
"VIPER ($A = [0.0, 0.2]^p$, MC)",0.96,NaN,1,500,0.1
TSLS,0.68,0.4592869945474873,1,500,0.1
PGMM-g,0.9,0.6750332106153996,1,500,0.1
gIVBMA,0.9,0.6222118446739702,1,500,0.1
LeakyIV ($\tau = 0.2$),1.0,63.76725477202924,1,500,0.1
"BudgetIV ($b = 1, \tau = 0$)",1.0,3.359240347095682,1,500,0.1
"BudgetIV ($b = 1, \tau = 0.2$)",1.0,7.737047624935207,1,500,0.1
CIIV,0.79,0.5084370896425434,1,500,0.1
"VIPER ($A = \{0\}, \chi^2$)",0.63,0.5394440081753138,2,500,0.1
"VIPER ($A = \{0\}$, MC)",0.32,NaN,2,500,0.1
"VIPER ($A = [-0.1, 0.1]^p, \chi^2$)",0.95,1.3915307261404506,2,500,0.1
"VIPER ($A = [-0.1, 0.1]^p$, MC)",0.96,NaN,2,500,0.1
"VIPER ($A = [0.0, 0.2]^p, \chi^2$)",0.9,1.5351279940132305,2,500,0.1
"VIPER ($A = [0.0, 0.2]^p$, MC)",0.93,NaN,2,500,0.1
TSLS,0.4,0.45373499655069227,2,500,0.1
PGMM-g,0.66,0.6845283021676178,2,500,0.1
gIVBMA,0.79,0.7435020143733928,2,500,0.1
LeakyIV ($\tau = 0.2$),1.0,63.679220328774335,2,500,0.1
"BudgetIV ($b = 1, \tau = 0$)",1.0,3.1794507601771542,2,500,0.1
"BudgetIV ($b = 1, \tau = 0.2$)",1.0,7.413948938779927,2,500,0.1
CIIV,0.45,0.4729299426871403,2,500,0.1
"VIPER ($A = \{0\}, \chi^2$)",0.29,0.5280597995073006,3,500,0.1
"VIPER ($A = \{0\}$, MC)",0.11,NaN,3,500,0.1
"VIPER ($A = [-0.1, 0.1]^p, \chi^2$)",0.91,1.3644318495546561,3,500,0.1
"VIPER ($A = [-0.1, 0.1]^p$, MC)",0.94,NaN,3,500,0.1
"VIPER ($A = [0.0, 0.2]^p, \chi^2$)",0.93,1.4030962082180374,3,500,0.1
"VIPER ($A = [0.0, 0.2]^p$, MC)",0.92,NaN,3,500,0.1
TSLS,0.07,0.45895654870262037,3,500,0.1
PGMM-g,0.26,0.6876569286580416,3,500,0.1
gIVBMA,0.52,0.7643245165521704,3,500,0.1
LeakyIV ($\tau = 0.2$),1.0,65.17698321096543,3,500,0.1
"BudgetIV ($b = 1, \tau = 0$)",1.0,2.9709351272726967,3,500,0.1
"BudgetIV ($b = 1, \tau = 0.2$)",1.0,7.000412160682702,3,500,0.1
CIIV,0.18,0.4653147591979405,3,500,0.1
"VIPER ($A = \{0\}, \chi^2$)",0.1,0.5087405478213349,4,500,0.1
"VIPER ($A = \{0\}$, MC)",0.09,NaN,4,500,0.1
"VIPER ($A = [-0.1, 0.1]^p, \chi^2$)",0.84,1.4725464582105796,4,500,0.1
"VIPER ($A = [-0.1, 0.1]^p$, MC)",0.9,NaN,4,500,0.1
"VIPER ($A = [0.0, 0.2]^p, \chi^2$)",1.0,1.5309546613625908,4,500,0.1
"VIPER ($A = [0.0, 0.2]^p$, MC)",0.97,NaN,4,500,0.1
TSLS,0.01,0.4446907782194345,4,500,0.1
PGMM-g,0.13,0.6770276586767453,4,500,0.1
gIVBMA,0.22,0.5840218053006531,4,500,0.1
LeakyIV ($\tau = 0.2$),1.0,61.958571535901115,4,500,0.1
"BudgetIV ($b = 1, \tau = 0$)",1.0,2.869792412880689,4,500,0.1
"BudgetIV ($b = 1, \tau = 0.2$)",1.0,6.8211512470320015,4,500,0.1
CIIV,0.03,0.44394891925544755,4,500,0.1
"VIPER ($A = \{0\}, \chi^2$)",0.0,0.4813913703368802,5,500,0.1
"VIPER ($A = \{0\}$, MC)",0.0,NaN,5,500,0.1
"VIPER ($A = [-0.1, 0.1]^p, \chi^2$)",0.8,1.697896203515875,5,500,0.1
"VIPER ($A = [-0.1, 0.1]^p$, MC)",0.96,NaN,5,500,0.1
"VIPER ($A = [0.0, 0.2]^p, \chi^2$)",1.0,1.6816170861615007,5,500,0.1
"VIPER ($A = [0.0, 0.2]^p$, MC)",1.0,NaN,5,500,0.1
TSLS,0.0,0.45065515389765953,5,500,0.1
PGMM-g,0.0,0.6791821995047552,5,500,0.1
gIVBMA,0.02,0.49975909973456767,5,500,0.1
LeakyIV ($\tau = 0.2$),1.0,63.28689597859558,5,500,0.1
"BudgetIV ($b = 1, \tau = 0$)",1.0,2.9661283168954378,5,500,0.1
"BudgetIV ($b = 1, \tau = 0.2$)",1.0,6.951896701919529,5,500,0.1
CIIV,0.0,0.44498774748903225,5,500,0.1
"VIPER ($A = \{0\}, \chi^2$)",0.96,0.3055633589004918,0,500,0.25
"VIPER ($A = \{0\}$, MC)",0.94,NaN,0,500,0.25
"VIPER ($A = [-0.1, 0.1]^p, \chi^2$)",1.0,0.8954814168585132,0,500,0.25
"VIPER ($A = [-0.1, 0.1]^p$, MC)",1.0,NaN,0,500,0.25
"VIPER ($A = [0.0, 0.2]^p, \chi^2$)",0.68,0.9276153181384054,0,500,0.25
"VIPER ($A = [0.0, 0.2]^p$, MC)",0.94,NaN,0,500,0.25
TSLS,0.96,0.29800301605571017,0,500,0.25
PGMM-g,1.0,0.4239519177004831,0,500,0.25
gIVBMA,0.97,0.33542514451219335,0,500,0.25
LeakyIV ($\tau = 0.2$),1.0,37.169010370095116,0,500,0.25
"BudgetIV ($b = 1, \tau = 0$)",1.0,1.4465261825088462,0,500,0.25
"BudgetIV ($b = 1, \tau = 0.2$)",1.0,3.353564643321701,0,500,0.25
CIIV,0.93,0.28951265918667235,0,500,0.25
"VIPER ($A = \{0\}, \chi^2$)",0.9,0.29941547019867526,1,500,0.25
"VIPER ($A = \{0\}$, MC)",0.74,NaN,1,500,0.25
"VIPER ($A = [-0.1, 0.1]^p, \chi^2$)",0.99,0.8650803692410503,1,500,0.25
"VIPER ($A = [-0.1, 0.1]^p$, MC)",0.97,NaN,1,500,0.25
"VIPER ($A = [0.0, 0.2]^p, \chi^2$)",0.86,0.8996186261952501,1,500,0.25
"VIPER ($A = [0.0, 0.2]^p$, MC)",0.94,NaN,1,500,0.25
TSLS,0.8,0.28756669650983835,1,500,0.25
PGMM-g,0.97,0.41406575080799196,1,500,0.25
gIVBMA,0.92,0.34139659502350017,1,500,0.25
LeakyIV ($\tau = 0.2$),1.0,37.65454851315823,1,500,0.25
"BudgetIV ($b = 1, \tau = 0$)",1.0,1.4586508171400836,1,500,0.25
"BudgetIV ($b = 1, \tau = 0.2$)",1.0,3.4152417234014223,1,500,0.25
CIIV,0.78,0.2952206894870359,1,500,0.25
"VIPER ($A = \{0\}, \chi^2$)",0.54,0.2864539048604391,2,500,0.25
"VIPER ($A = \{0\}$, MC)",0.26,NaN,2,500,0.25
"VIPER ($A = [-0.1, 0.1]^p, \chi^2$)",0.88,0.7119065387077761,2,500,0.25
"VIPER ($A = [-0.1, 0.1]^p$, MC)",0.89,NaN,2,500,0.25
"VIPER ($A = [0.0, 0.2]^p, \chi^2$)",0.9,0.772731486002848,2,500,0.25
"VIPER ($A = [0.0, 0.2]^p$, MC)",0.95,NaN,2,500,0.25
TSLS,0.33,0.274672327087758,2,500,0.25
PGMM-g,0.66,0.40034464852705576,2,500,0.25
gIVBMA,0.79,0.36550769401009386,2,500,0.25
LeakyIV ($\tau = 0.2$),1.0,37.45259900829711,2,500,0.25
"BudgetIV ($b = 1, \tau = 0$)",1.0,1.4749670350717252,2,500,0.25
"BudgetIV ($b = 1, \tau = 0.2$)",1.0,3.375613313489226,2,500,0.25
CIIV,0.53,0.2903000700920719,2,500,0.25
"VIPER ($A = \{0\}, \chi^2$)",0.21,0.28558378088909697,3,500,0.25
"VIPER ($A = \{0\}$, MC)",0.1,NaN,3,500,0.25
"VIPER ($A = [-0.1, 0.1]^p, \chi^2$)",0.87,0.7140516571380808,3,500,0.25
"VIPER ($A = [-0.1, 0.1]^p$, MC)",0.93,NaN,3,500,0.25
"VIPER ($A = [0.0, 0.2]^p, \chi^2$)",0.94,0.7432453604642159,3,500,0.25
"VIPER ($A = [0.0, 0.2]^p$, MC)",0.94,NaN,3,500,0.25
TSLS,0.09,0.27429927545501376,3,500,0.25
PGMM-g,0.28,0.40201912777535836,3,500,0.25
gIVBMA,0.5,0.37226994279407993,3,500,0.25
LeakyIV ($\tau = 0.2$),1.0,36.95726210858464,3,500,0.25
"BudgetIV ($b = 1, \tau = 0$)",1.0,1.4405635607661498,3,500,0.25
"BudgetIV ($b = 1, \tau = 0.2$)",1.0,3.310291443185377,3,500,0.25
CIIV,0.18,0.2781449205916673,3,500,0.25
"VIPER ($A = \{0\}, \chi^2$)",0.03,0.27213701024831805,4,500,0.25
"VIPER ($A = \{0\}$, MC)",0.05,NaN,4,500,0.25
"VIPER ($A = [-0.1, 0.1]^p, \chi^2$)",0.81,0.7616649351333422,4,500,0.25
"VIPER ($A = [-0.1, 0.1]^p$, MC)",0.93,NaN,4,500,0.25
"VIPER ($A = [0.0, 0.2]^p, \chi^2$)",0.97,0.7937882021193255,4,500,0.25
"VIPER ($A = [0.0, 0.2]^p$, MC)",0.96,NaN,4,500,0.25
TSLS,0.02,0.2620394051983497,4,500,0.25
PGMM-g,0.06,0.4023272055087148,4,500,0.25
gIVBMA,0.11,0.3258808634073813,4,500,0.25
LeakyIV ($\tau = 0.2$),1.0,37.712015167733284,4,500,0.25
"BudgetIV ($b = 1, \tau = 0$)",1.0,1.4630954028512104,4,500,0.25
"BudgetIV ($b = 1, \tau = 0.2$)",1.0,3.4020158650111267,4,500,0.25
CIIV,0.01,0.27055544388630604,4,500,0.25
"VIPER ($A = \{0\}, \chi^2$)",0.0,0.2640004536409476,5,500,0.25
"VIPER ($A = \{0\}$, MC)",0.05,NaN,5,500,0.25
"VIPER ($A = [-0.1, 0.1]^p, \chi^2$)",0.78,0.9247049539054144,5,500,0.25
"VIPER ($A = [-0.1, 0.1]^p$, MC)",0.91,NaN,5,500,0.25
"VIPER ($A = [0.0, 0.2]^p, \chi^2$)",1.0,0.9439618161568303,5,500,0.25
"VIPER ($A = [0.0, 0.2]^p$, MC)",1.0,NaN,5,500,0.25
TSLS,0.0,0.26136179539233084,5,500,0.25
PGMM-g,0.03,0.395034006050508,5,500,0.25
gIVBMA,0.02,0.27566842544622816,5,500,0.25
LeakyIV ($\tau = 0.2$),1.0,38.15587551970124,5,500,0.25
"BudgetIV ($b = 1, \tau = 0$)",1.0,1.4753531614303521,5,500,0.25
"BudgetIV ($b = 1, \tau = 0.2$)",1.0,3.4263216477498966,5,500,0.25
CIIV,0.0,0.26682732321632696,5,500,0.25
